format	fm-lint-telemetry-v1
git_head	90810a00667524510d131286e571c50a0073d9d1
content_cksum	953589053-805
shellcheck_version	0.11.0
analysis_mode	full
jobs	6
root_count	18
direct_lines	10251
direct_bytes	477709
source_directives	41
source_boundary_directives	18
source_followed_directives	23
source_target_count	14
detected_cpus	8
host_memory_mib	24576
admission_budget_mib	6144
peak_reserved_mib	6099
peak_parallel_roots	6
wall_seconds	44
worker_wall_sum_seconds	128.12
max_worker_wall_seconds	31.81
user_seconds	67.33
system_seconds	4.44
max_worker_rss_kib	1509072
worker_rss_sum_kib	6132992
shellcheck_processes_start	0
shellcheck_processes_end	0
load_average_start	10.40/11.99/13.47
load_average_end	11.74/12.15/13.46
aggregate_cpu_percent_start	235.60
aggregate_cpu_percent_end	204.80
result_exit	0
